{
  "num_bags": 934,
  "mean_patches_per_bag": 7.9785867237687365,
  "std_patches_per_bag": 0.20594522231194096,
  "label_counts": {
    "0": 584,
    "1": 350
  },
  "mean_patch_intensity": 0.14837465134536287,
  "mean_patch_entropy": -678.9149301004261
}